sentiment,n_trades,avg_pnl,median_pnl,win_rate,avg_notional,avg_leverage
EXTREME FEAR,21400,34.53786207897196,0.0,0.370607476635514,5349.731778043301,-2322.304587442846
EXTREME GREED,39992,67.89286133909282,0.0,0.46494298859771954,3112.2515314981374,19518.99081220534
FEAR,61837,54.2903996254993,0.0,0.42076750165758364,7816.109965052701,8709.824822041446
GREED,50303,42.74355948851957,0.0,0.38482794266743536,5736.884385134499,-151088.54663510135
NEUTRAL,37686,34.30771839807886,0.0,0.3969909250119408,4782.732641732538,144.0022626126316
UNKNOWN,6,7078.6656883333335,8057.245408000001,1.0,14778.141601666668,-13628.766666666668
